GENESIS-Tabelle: 45211-0005;;;;;;;;;;;;;
Umsatz im Groﬂhandel (real/nominal): Deutschland, Monate, Original- und bereinigte Daten, Wirtschaftszweige;;;;;;;;;;;;;
Monatsstatistik Groﬂhandel und Handelsvermittlung;;;;;;;;;;;;;
Deutschland;;;;;;;;;;;;;
Umsatz (2015=100);;;;;;;;;;;;;
;;;;Preisarten;Preisarten;Preisarten;Preisarten;Preisarten;Preisarten;Preisarten;Preisarten;Preisarten;Preisarten
;;;;in konstanten Preisen;in konstanten Preisen;in konstanten Preisen;in konstanten Preisen;in konstanten Preisen;in jeweiligen Preisen;in jeweiligen Preisen;in jeweiligen Preisen;in jeweiligen Preisen;in jeweiligen Preisen
;;;;Original- und bereinigte Daten;Original- und bereinigte Daten;Original- und bereinigte Daten;Original- und bereinigte Daten;Original- und bereinigte Daten;Original- und bereinigte Daten;Original- und bereinigte Daten;Original- und bereinigte Daten;Original- und bereinigte Daten;Original- und bereinigte Daten
;;;;Originalwerte;X13 JDemetra+  kalenderbereinigt;X13 JDemetra+  kalender- und saisonbereinigt;BV4.1 kalender- und saisonbereinigt;BV4.1 Trend;Originalwerte;X13 JDemetra+  kalenderbereinigt;X13 JDemetra+  kalender- und saisonbereinigt;BV4.1 kalender- und saisonbereinigt;BV4.1 Trend
WZ08-46;Groﬂhandel (ohne Handel mit Kraftfahrzeugen);1994;Januar;84,1;85,7;95,4;96,7;96,6;64,2;65,4;72,8;74,3;73,9
WZ08-46;Groﬂhandel (ohne Handel mit Kraftfahrzeugen);1994;Februar;87,4;88,2;97;96,7;96,5;67;67,6;74,2;74,1;74,2
WZ08-46;Groﬂhandel (ohne Handel mit Kraftfahrzeugen);1994;M‰rz;106,4;100,8;96,2;97,6;96,4;81,7;77,4;73,6;74,6;74,4
WZ08-46;Groﬂhandel (ohne Handel mit Kraftfahrzeugen);1994;April;93;96,4;96,7;95,8;96,2;71,7;74,3;74,3;73,7;74,5
WZ08-46;Groﬂhandel (ohne Handel mit Kraftfahrzeugen);1994;Mai;96,8;96,2;96,1;96;96,1;75,4;74,9;74,5;74,6;74,7
WZ08-46;Groﬂhandel (ohne Handel mit Kraftfahrzeugen);1994;Juni;98,4;95,6;94,6;95,2;96;77,2;75;73,9;74;74,9
WZ08-46;Groﬂhandel (ohne Handel mit Kraftfahrzeugen);1994;Juli;89,8;93,2;94,7;95,4;96,1;71;73,7;74,8;75,2;75,3
WZ08-46;Groﬂhandel (ohne Handel mit Kraftfahrzeugen);1994;August;94,4;92;94,9;95,5;96,2;74,5;72,6;75;75,4;75,8
WZ08-46;Groﬂhandel (ohne Handel mit Kraftfahrzeugen);1994;September;101,8;99,8;95,3;95,7;96,4;80,6;79;75,6;75,6;76,2
WZ08-46;Groﬂhandel (ohne Handel mit Kraftfahrzeugen);1994;Oktober;100,5;105,3;98,1;97,3;96,6;79;82,8;77,5;77,3;76,5
WZ08-46;Groﬂhandel (ohne Handel mit Kraftfahrzeugen);1994;November;103,9;105,9;99,2;98;96,8;81,7;83,3;78,6;77,8;76,7
WZ08-46;Groﬂhandel (ohne Handel mit Kraftfahrzeugen);1994;Dezember;102,1;98,2;98,3;97,6;96,9;80,6;77,5;78;77,2;76,9
WZ08-46;Groﬂhandel (ohne Handel mit Kraftfahrzeugen);1995;Januar;86,3;85;94,6;96;97;68,7;67,7;75,3;76,3;77,1
WZ08-46;Groﬂhandel (ohne Handel mit Kraftfahrzeugen);1995;Februar;88,2;88,9;98;97,8;97,2;70,6;71,2;78,3;78,1;77,3
WZ08-46;Groﬂhandel (ohne Handel mit Kraftfahrzeugen);1995;M‰rz;105,8;102,2;97,4;97,9;97,2;84,5;81,6;77,5;77,8;77,4
WZ08-46;Groﬂhandel (ohne Handel mit Kraftfahrzeugen);1995;April;91,9;96,7;97,2;97;97,2;73,4;77,2;77,3;77,5;77,3
WZ08-46;Groﬂhandel (ohne Handel mit Kraftfahrzeugen);1995;Mai;100,5;96,5;96,6;96,9;97,1;80,3;77,1;76,8;76,9;77,1
WZ08-46;Groﬂhandel (ohne Handel mit Kraftfahrzeugen);1995;Juni;98,3;98,7;97,9;97,5;96,9;78,5;78,8;77,8;77,5;76,9
WZ08-46;Groﬂhandel (ohne Handel mit Kraftfahrzeugen);1995;Juli;91,4;94,9;96,3;96,5;96,6;72,4;75,2;76,2;76,5;76,6
WZ08-46;Groﬂhandel (ohne Handel mit Kraftfahrzeugen);1995;August;95,7;93,3;96,1;96,6;96,2;75,7;73,8;76,1;76,4;76,3
WZ08-46;Groﬂhandel (ohne Handel mit Kraftfahrzeugen);1995;September;100,1;101,5;96,8;96,4;95,9;79,1;80,2;76,6;76,4;75,9
WZ08-46;Groﬂhandel (ohne Handel mit Kraftfahrzeugen);1995;Oktober;100,8;102,2;95,3;95,1;95,5;79,1;80,2;75,2;75,1;75,6
WZ08-46;Groﬂhandel (ohne Handel mit Kraftfahrzeugen);1995;November;102,6;101,2;94,9;94,9;95,2;80,6;79,5;75,1;74,9;75,3
WZ08-46;Groﬂhandel (ohne Handel mit Kraftfahrzeugen);1995;Dezember;93,5;94;94,1;94,8;94,9;73,5;73,9;74,3;75,1;75
WZ08-46;Groﬂhandel (ohne Handel mit Kraftfahrzeugen);1996;Januar;86,3;83,9;93,5;94,9;94,6;67,9;66;73,5;74,8;74,7
WZ08-46;Groﬂhandel (ohne Handel mit Kraftfahrzeugen);1996;Februar;86,5;84,5;93,1;93,8;94,4;68,3;66,7;73,3;73,8;74,5
WZ08-46;Groﬂhandel (ohne Handel mit Kraftfahrzeugen);1996;M‰rz;94,5;96,4;91,9;92,9;94,2;75,1;76,6;72,8;73,4;74,3
WZ08-46;Groﬂhandel (ohne Handel mit Kraftfahrzeugen);1996;April;95,1;94,6;95,1;94,3;94;75,4;75;75,1;74,5;74,2
WZ08-46;Groﬂhandel (ohne Handel mit Kraftfahrzeugen);1996;Mai;95,4;94,8;94,7;94,4;94;75,9;75,4;75;74,4;74,2
WZ08-46;Groﬂhandel (ohne Handel mit Kraftfahrzeugen);1996;Juni;91,6;95;94,3;93,5;93,9;72,6;75,3;74,4;74;74,1
WZ08-46;Groﬂhandel (ohne Handel mit Kraftfahrzeugen);1996;Juli;95;92,4;93,5;93,8;93,8;75,3;73,2;74,1;74,2;74,2
WZ08-46;Groﬂhandel (ohne Handel mit Kraftfahrzeugen);1996;August;90,7;91,3;94;94;93,8;71,4;71,9;74,1;74,3;74,3
WZ08-46;Groﬂhandel (ohne Handel mit Kraftfahrzeugen);1996;September;97,6;98,9;94,4;93,9;93,8;76,9;77,9;74,5;74,3;74,4
WZ08-46;Groﬂhandel (ohne Handel mit Kraftfahrzeugen);1996;Oktober;102,4;100,5;93,8;93,9;93,9;80,9;79,4;74,4;74,5;74,5
WZ08-46;Groﬂhandel (ohne Handel mit Kraftfahrzeugen);1996;November;97,8;99,7;93,7;94,1;94;76,9;78,4;74,2;74,6;74,7
WZ08-46;Groﬂhandel (ohne Handel mit Kraftfahrzeugen);1996;Dezember;91,7;94,4;94,4;94,3;94;72,4;74,5;74,9;75;74,9
WZ08-46;Groﬂhandel (ohne Handel mit Kraftfahrzeugen);1997;Januar;86,9;85,6;95,3;94,3;94;69,4;68,4;76,1;75,2;75
WZ08-46;Groﬂhandel (ohne Handel mit Kraftfahrzeugen);1997;Februar;84,3;85,1;93,9;93,9;94;67,5;68,1;75;75,2;75,2
WZ08-46;Groﬂhandel (ohne Handel mit Kraftfahrzeugen);1997;M‰rz;90,9;98,3;93,7;93,6;93,9;73,2;79,2;75,2;75,4;75,3
WZ08-46;Groﬂhandel (ohne Handel mit Kraftfahrzeugen);1997;April;100,1;94;94,6;93,9;93,9;80,7;75,8;75,9;75,1;75,5
WZ08-46;Groﬂhandel (ohne Handel mit Kraftfahrzeugen);1997;Mai;89;93,4;93,4;93,7;94;72,4;76;75,6;75,8;75,7
WZ08-46;Groﬂhandel (ohne Handel mit Kraftfahrzeugen);1997;Juni;97,2;95,3;94,5;94,1;94,1;78,7;77,2;76,2;75,7;75,9
WZ08-46;Groﬂhandel (ohne Handel mit Kraftfahrzeugen);1997;Juli;96,5;93,8;94,9;94,8;94,2;77,5;75,3;76,2;76,2;76,1
WZ08-46;Groﬂhandel (ohne Handel mit Kraftfahrzeugen);1997;August;87,7;91,3;93,8;93,8;94,3;70,8;73,7;75,8;75,9;76,3
WZ08-46;Groﬂhandel (ohne Handel mit Kraftfahrzeugen);1997;September;100,1;98,1;93,7;94,1;94,5;80,8;79,2;75,7;76,2;76,5
WZ08-46;Groﬂhandel (ohne Handel mit Kraftfahrzeugen);1997;Oktober;103,6;101,7;94,8;95,5;94,7;83,6;82,1;76,8;77,4;76,6
WZ08-46;Groﬂhandel (ohne Handel mit Kraftfahrzeugen);1997;November;94,6;97,5;91,7;93,9;94,9;76;78,3;74,2;76,3;76,7
WZ08-46;Groﬂhandel (ohne Handel mit Kraftfahrzeugen);1997;Dezember;93,5;94;94,2;94,2;95,2;75,3;75,7;76,2;76,2;76,8
WZ08-46;Groﬂhandel (ohne Handel mit Kraftfahrzeugen);1998;Januar;85,8;87,4;97,3;96;95,4;69,2;70,5;78,5;77,2;76,8
WZ08-46;Groﬂhandel (ohne Handel mit Kraftfahrzeugen);1998;Februar;87,1;87,8;97;96,5;95,6;70,1;70,7;77,9;77,5;76,7
WZ08-46;Groﬂhandel (ohne Handel mit Kraftfahrzeugen);1998;M‰rz;103,7;103,1;98,3;96,2;95,7;83,3;82,8;78,6;77;76,6
WZ08-46;Groﬂhandel (ohne Handel mit Kraftfahrzeugen);1998;April;96,5;95,4;96;96,4;95,7;77,4;76,5;76,6;77;76,3
WZ08-46;Groﬂhandel (ohne Handel mit Kraftfahrzeugen);1998;Mai;93,1;95,6;95,6;95,9;95,7;74,3;76,3;75,9;76;76
WZ08-46;Groﬂhandel (ohne Handel mit Kraftfahrzeugen);1998;Juni;96,2;96,6;95,7;95,8;95,6;76,4;76,7;75,7;75,9;75,7
WZ08-46;Groﬂhandel (ohne Handel mit Kraftfahrzeugen);1998;Juli;96,7;93,9;94,9;95;95,5;76,4;74,2;75;75;75,3
WZ08-46;Groﬂhandel (ohne Handel mit Kraftfahrzeugen);1998;August;90,1;93,2;95,4;95,5;95,4;70,6;73;74,9;75;74,9
WZ08-46;Groﬂhandel (ohne Handel mit Kraftfahrzeugen);1998;September;101,9;100;95,4;95,4;95,2;79,3;77,8;74,3;74,4;74,5
WZ08-46;Groﬂhandel (ohne Handel mit Kraftfahrzeugen);1998;Oktober;101,3;99,1;92,5;94;95,1;78,4;76,7;71,8;73;74,1
WZ08-46;Groﬂhandel (ohne Handel mit Kraftfahrzeugen);1998;November;99,6;99,2;93,6;95;94,9;76,8;76,5;72,7;73,7;73,8
WZ08-46;Groﬂhandel (ohne Handel mit Kraftfahrzeugen);1998;Dezember;97,7;96;96,3;95,3;94,9;75,4;74,1;74,7;73,7;73,6
WZ08-46;Groﬂhandel (ohne Handel mit Kraftfahrzeugen);1999;Januar;80,5;84,8;94,2;95,2;94,8;62,3;65,6;73;74;73,5
WZ08-46;Groﬂhandel (ohne Handel mit Kraftfahrzeugen);1999;Februar;84,2;85;93,8;93,7;94,9;64,9;65,5;72,2;72,4;73,5
WZ08-46;Groﬂhandel (ohne Handel mit Kraftfahrzeugen);1999;M‰rz;106,8;101,4;96,7;96,9;95,1;82,9;78,7;74,7;74,6;73,6
WZ08-46;Groﬂhandel (ohne Handel mit Kraftfahrzeugen);1999;April;93,3;93,4;93,9;93,9;95,2;72,8;72,9;72,9;72,8;73,8
WZ08-46;Groﬂhandel (ohne Handel mit Kraftfahrzeugen);1999;Mai;91,7;94,1;94,2;94;95,3;71,6;73,5;73,2;73,3;74
WZ08-46;Groﬂhandel (ohne Handel mit Kraftfahrzeugen);1999;Juni;98,4;95,6;94,7;95,6;95,6;76,9;74,7;73,8;74,2;74,4
WZ08-46;Groﬂhandel (ohne Handel mit Kraftfahrzeugen);1999;Juli;95,4;95,8;96,6;96,6;95,8;74,4;74,7;75,4;75,5;74,8
WZ08-46;Groﬂhandel (ohne Handel mit Kraftfahrzeugen);1999;August;94,4;94,4;96,6;96,3;96;73,9;73,9;75,7;75,6;75,2
WZ08-46;Groﬂhandel (ohne Handel mit Kraftfahrzeugen);1999;September;103,3;101,3;96,9;96,5;96,2;81,1;79,5;76,1;75,7;75,6
WZ08-46;Groﬂhandel (ohne Handel mit Kraftfahrzeugen);1999;Oktober;101,4;102,5;95,8;96,3;96,4;79,6;80,5;75,4;75,9;76
WZ08-46;Groﬂhandel (ohne Handel mit Kraftfahrzeugen);1999;November;105,7;104,3;98,5;96,8;96,5;83,5;82,4;78,4;76,5;76,5
WZ08-46;Groﬂhandel (ohne Handel mit Kraftfahrzeugen);1999;Dezember;102,2;98,2;98,6;96,5;96,7;81,5;78,3;79;76,8;77
WZ08-46;Groﬂhandel (ohne Handel mit Kraftfahrzeugen);2000;Januar;81,4;82,9;92,1;95;97;65,4;66,6;74,1;76,3;77,6
WZ08-46;Groﬂhandel (ohne Handel mit Kraftfahrzeugen);2000;Februar;91,9;88,6;97,8;98,6;97,3;74,4;71,7;79,1;79,5;78,2
WZ08-46;Groﬂhandel (ohne Handel mit Kraftfahrzeugen);2000;M‰rz;103,1;100,9;96,1;95,9;97,6;84,2;82,4;78,1;77,9;78,9
WZ08-46;Groﬂhandel (ohne Handel mit Kraftfahrzeugen);2000;April;93,1;97,9;98,4;98,8;97,9;75,6;79,5;79,5;80,2;79,5
WZ08-46;Groﬂhandel (ohne Handel mit Kraftfahrzeugen);2000;Mai;106,7;99,1;99,5;99,9;98,1;87,1;80,9;80,8;80,9;80,1
WZ08-46;Groﬂhandel (ohne Handel mit Kraftfahrzeugen);2000;Juni;95,3;98,8;98;98;98,3;78,1;81;80,1;80,2;80,5
WZ08-46;Groﬂhandel (ohne Handel mit Kraftfahrzeugen);2000;Juli;92,9;96,4;97;97,3;98,3;76,1;79;79,5;80,1;80,9
WZ08-46;Groﬂhandel (ohne Handel mit Kraftfahrzeugen);2000;August;99,1;96,5;98,5;98;98,4;81,3;79,2;80,9;80,7;81,3
WZ08-46;Groﬂhandel (ohne Handel mit Kraftfahrzeugen);2000;September;102,1;103,4;99;98,4;98,4;85;86,1;82,4;81,9;81,6
WZ08-46;Groﬂhandel (ohne Handel mit Kraftfahrzeugen);2000;Oktober;104,9;106,5;99,6;98,9;98,4;87,5;88,8;83,2;82,7;81,8
WZ08-46;Groﬂhandel (ohne Handel mit Kraftfahrzeugen);2000;November;108,2;106,8;101;99,3;98,2;90,3;89,1;84,9;83,3;81,9
WZ08-46;Groﬂhandel (ohne Handel mit Kraftfahrzeugen);2000;Dezember;96,4;96,9;97,3;98,4;98;80,3;80,7;81,5;82,5;81,8
WZ08-46;Groﬂhandel (ohne Handel mit Kraftfahrzeugen);2001;Januar;88,5;86,1;95,5;98,5;97,6;73,5;71,5;79,5;81,8;81,6
WZ08-46;Groﬂhandel (ohne Handel mit Kraftfahrzeugen);2001;Februar;86,5;87,2;96,3;96,5;97,1;72,3;72,9;80,5;80,5;81,3
WZ08-46;Groﬂhandel (ohne Handel mit Kraftfahrzeugen);2001;M‰rz;100;99,8;94,9;96,3;96,6;83,8;83,6;79,2;80,3;80,9
WZ08-46;Groﬂhandel (ohne Handel mit Kraftfahrzeugen);2001;April;92,8;94,5;94,9;95,6;96,1;78,1;79,5;79,4;80,1;80,5
WZ08-46;Groﬂhandel (ohne Handel mit Kraftfahrzeugen);2001;Mai;99,1;95,2;95,6;94,7;95,6;83,8;80,5;80,4;79,6;80
WZ08-46;Groﬂhandel (ohne Handel mit Kraftfahrzeugen);2001;Juni;92,8;96,2;95,5;95,8;95,1;78,2;81,1;80,3;80,6;79,5
WZ08-46;Groﬂhandel (ohne Handel mit Kraftfahrzeugen);2001;Juli;93,4;93,8;94,3;94,6;94,5;78;78,3;78,8;79,2;79
WZ08-46;Groﬂhandel (ohne Handel mit Kraftfahrzeugen);2001;August;96,1;93,7;95,4;94,5;94;80;78;79,5;79;78,5
WZ08-46;Groﬂhandel (ohne Handel mit Kraftfahrzeugen);2001;September;93,8;98,2;94,1;93,5;93,4;78,1;81,8;78,3;78;78
WZ08-46;Groﬂhandel (ohne Handel mit Kraftfahrzeugen);2001;Oktober;101,7;99,8;93,6;93;92,9;84,3;82,7;77,6;77,2;77,5
WZ08-46;Groﬂhandel (ohne Handel mit Kraftfahrzeugen);2001;November;99;97,7;92,4;92;92,4;81,4;80,3;76,5;76,2;77,1
WZ08-46;Groﬂhandel (ohne Handel mit Kraftfahrzeugen);2001;Dezember;86,8;91,3;91,6;91,7;91,9;71,5;75,2;75,9;76,3;76,7
WZ08-46;Groﬂhandel (ohne Handel mit Kraftfahrzeugen);2002;Januar;82,9;80,6;89,4;91,3;91,5;69,3;67,4;75;76,3;76,3
WZ08-46;Groﬂhandel (ohne Handel mit Kraftfahrzeugen);2002;Februar;80,5;81,2;89,6;90,4;91;67,3;67,9;74,9;75,3;75,9
WZ08-46;Groﬂhandel (ohne Handel mit Kraftfahrzeugen);2002;M‰rz;90,5;94,7;90,1;91,2;90,5;76,2;79,7;75,6;76,3;75,5
WZ08-46;Groﬂhandel (ohne Handel mit Kraftfahrzeugen);2002;April;93,1;90,4;90,8;89,9;90,1;78,3;76;75,9;75;75,2
WZ08-46;Groﬂhandel (ohne Handel mit Kraftfahrzeugen);2002;Mai;89,1;90,5;90,9;90,5;89,7;74,7;75,9;75,8;75,7;74,9
WZ08-46;Groﬂhandel (ohne Handel mit Kraftfahrzeugen);2002;Juni;87,4;88,6;87,9;88,2;89,4;72,9;73,9;73,2;73,4;74,7
WZ08-46;Groﬂhandel (ohne Handel mit Kraftfahrzeugen);2002;Juli;92,1;89,5;89,9;89,6;89,3;76,8;74,6;75;74,9;74,7
WZ08-46;Groﬂhandel (ohne Handel mit Kraftfahrzeugen);2002;August;88,1;88,7;90,4;89,2;89,1;73,2;73,7;75,1;74,5;74,6
WZ08-46;Groﬂhandel (ohne Handel mit Kraftfahrzeugen);2002;September;90,9;92,1;88,2;88,8;89,1;76,2;77,2;73,9;74,5;74,6
WZ08-46;Groﬂhandel (ohne Handel mit Kraftfahrzeugen);2002;Oktober;97,2;95,4;89,5;89,2;89,1;81,4;79,9;75;74,8;74,6
WZ08-46;Groﬂhandel (ohne Handel mit Kraftfahrzeugen);2002;November;91,3;93,1;88;88,1;89,1;75,8;77,3;73,6;73,8;74,7
WZ08-46;Groﬂhandel (ohne Handel mit Kraftfahrzeugen);2002;Dezember;86,8;89,2;89,6;89,7;89,2;72,2;74,2;75;75,2;74,8
WZ08-46;Groﬂhandel (ohne Handel mit Kraftfahrzeugen);2003;Januar;81,7;80,5;89,3;89,4;89,3;68,9;67,9;75,6;75,1;74,8
WZ08-46;Groﬂhandel (ohne Handel mit Kraftfahrzeugen);2003;Februar;81,4;81;89,2;90,1;89,3;69;68,7;75,7;75,9;74,9
WZ08-46;Groﬂhandel (ohne Handel mit Kraftfahrzeugen);2003;M‰rz;91;95,1;90,6;88,9;89,4;77,2;80,7;76,6;74,7;74,9
WZ08-46;Groﬂhandel (ohne Handel mit Kraftfahrzeugen);2003;April;91,5;90,1;90,5;90;89,5;76,9;75,7;75,6;75,3;75
WZ08-46;Groﬂhandel (ohne Handel mit Kraftfahrzeugen);2003;Mai;89,4;88,8;89;89,2;89,5;74,7;74,2;73,9;74,4;75
WZ08-46;Groﬂhandel (ohne Handel mit Kraftfahrzeugen);2003;Juni;87,6;90,8;90,3;90,3;89,6;73,1;75,8;75,2;75,7;75,1
WZ08-46;Groﬂhandel (ohne Handel mit Kraftfahrzeugen);2003;Juli;92,4;89,8;90,1;89,7;89,7;76,9;74,7;75;75;75,2
WZ08-46;Groﬂhandel (ohne Handel mit Kraftfahrzeugen);2003;August;85,3;88,8;90,5;89,7;89,7;71,2;74,1;75,5;75,3;75,3
WZ08-46;Groﬂhandel (ohne Handel mit Kraftfahrzeugen);2003;September;94,1;92,3;88,4;89,2;89,8;79,1;77,6;74,2;74,9;75,5
WZ08-46;Groﬂhandel (ohne Handel mit Kraftfahrzeugen);2003;Oktober;96,7;94,9;89,1;89,7;89,9;81,5;80;75,1;75,4;75,7
WZ08-46;Groﬂhandel (ohne Handel mit Kraftfahrzeugen);2003;November;91,9;94,6;89,5;90,8;90;77,2;79,5;75,7;76,7;75,9
WZ08-46;Groﬂhandel (ohne Handel mit Kraftfahrzeugen);2003;Dezember;88,6;89,1;89,4;89,9;90,1;74,6;75;75,8;76,1;76,2
WZ08-46;Groﬂhandel (ohne Handel mit Kraftfahrzeugen);2004;Januar;80,5;82;90,9;90,4;90,3;68;69,3;77,1;76,6;76,5
WZ08-46;Groﬂhandel (ohne Handel mit Kraftfahrzeugen);2004;Februar;81,9;82,6;90,8;90,3;90,4;69,5;70,1;77,2;76,6;76,9
WZ08-46;Groﬂhandel (ohne Handel mit Kraftfahrzeugen);2004;M‰rz;98,5;94,5;90,2;90,5;90,5;84,5;81,1;77,1;77;77,3
WZ08-46;Groﬂhandel (ohne Handel mit Kraftfahrzeugen);2004;April;92,4;91,6;91,9;91,2;90,7;79,6;78,9;78,7;78,2;77,7
WZ08-46;Groﬂhandel (ohne Handel mit Kraftfahrzeugen);2004;Mai;87,4;89,7;90,1;89,8;90,8;75,6;77,6;77,4;77,7;78,2
WZ08-46;Groﬂhandel (ohne Handel mit Kraftfahrzeugen);2004;Juni;94,2;91,4;90,9;91,5;91,1;81,4;79;78,4;79,1;78,6
WZ08-46;Groﬂhandel (ohne Handel mit Kraftfahrzeugen);2004;Juli;91,1;91,6;91,8;91,4;91,3;78,8;79,2;79,4;79,3;79,1
WZ08-46;Groﬂhandel (ohne Handel mit Kraftfahrzeugen);2004;August;89,2;89,2;90,9;91,1;91,5;77,7;77,7;79,1;79,4;79,5
WZ08-46;Groﬂhandel (ohne Handel mit Kraftfahrzeugen);2004;September;98,3;96,3;92,5;92,5;91,8;85,5;83,8;80,3;80,3;80
WZ08-46;Groﬂhandel (ohne Handel mit Kraftfahrzeugen);2004;Oktober;95,7;96,7;90,9;91,7;92,1;84;84,9;79,8;80,1;80,4
WZ08-46;Groﬂhandel (ohne Handel mit Kraftfahrzeugen);2004;November;98,7;97,3;92,1;92;92,4;86,4;85,2;81,2;80,6;80,8
WZ08-46;Groﬂhandel (ohne Handel mit Kraftfahrzeugen);2004;Dezember;95,6;91,9;92,3;91,8;92,8;83,6;80,4;81,3;80,5;81,4
WZ08-46;Groﬂhandel (ohne Handel mit Kraftfahrzeugen);2005;Januar;83,5;85;94;93,9;93,2;73;74,3;82,6;82,5;81,9
WZ08-46;Groﬂhandel (ohne Handel mit Kraftfahrzeugen);2005;Februar;85;85,8;94,2;93,8;93,6;74,8;75,5;83,1;82,8;82,5
WZ08-46;Groﬂhandel (ohne Handel mit Kraftfahrzeugen);2005;M‰rz;98,1;99,3;94,6;94,9;94;87;88,1;83,7;84,1;83
WZ08-46;Groﬂhandel (ohne Handel mit Kraftfahrzeugen);2005;April;96,3;93,5;93,8;93,7;94,4;85,8;83,3;83,1;83;83,5
WZ08-46;Groﬂhandel (ohne Handel mit Kraftfahrzeugen);2005;Mai;94,6;96,1;96,7;95,8;94,8;83,4;84,7;84,6;84,4;84
WZ08-46;Groﬂhandel (ohne Handel mit Kraftfahrzeugen);2005;Juni;99,2;94,1;93,7;94,4;95,1;87,9;83,4;82,8;83,4;84,5
WZ08-46;Groﬂhandel (ohne Handel mit Kraftfahrzeugen);2005;Juli;92;95,5;95,8;95,4;95,4;81,9;85;85,2;85;84,9
WZ08-46;Groﬂhandel (ohne Handel mit Kraftfahrzeugen);2005;August;97,2;94,7;96,5;96,3;95,7;86,5;84,3;85,7;85,5;85,4
WZ08-46;Groﬂhandel (ohne Handel mit Kraftfahrzeugen);2005;September;101,9;99,9;95,9;95,7;95,9;92,1;90,3;86,5;86,1;85,9
WZ08-46;Groﬂhandel (ohne Handel mit Kraftfahrzeugen);2005;Oktober;98,3;103,1;96,9;96,4;96,2;88,8;93,1;87,6;86,8;86,3
WZ08-46;Groﬂhandel (ohne Handel mit Kraftfahrzeugen);2005;November;103,3;102;96,3;96,2;96,3;92,6;91,4;87;86,6;86,8
WZ08-46;Groﬂhandel (ohne Handel mit Kraftfahrzeugen);2005;Dezember;99,8;95,9;96,5;96;96,6;89,4;85,9;87,1;86,6;87,3
WZ08-46;Groﬂhandel (ohne Handel mit Kraftfahrzeugen);2006;Januar;87,1;85,8;94,7;96,2;96,8;78,4;77,2;85,7;87,2;87,8
WZ08-46;Groﬂhandel (ohne Handel mit Kraftfahrzeugen);2006;Februar;87,5;88,3;96,8;97,2;97,2;79,2;79,9;87,9;88,4;88,4
WZ08-46;Groﬂhandel (ohne Handel mit Kraftfahrzeugen);2006;M‰rz;104,8;101,2;96,1;97,2;97,6;95,2;91,9;87,1;88,1;89,1
WZ08-46;Groﬂhandel (ohne Handel mit Kraftfahrzeugen);2006;April;92,5;97,3;97,8;98,3;98;85;89,4;89,3;89,9;89,7
WZ08-46;Groﬂhandel (ohne Handel mit Kraftfahrzeugen);2006;Mai;102,5;98,5;99,3;98,5;98,5;94,9;91,2;91,2;90,8;90,4
WZ08-46;Groﬂhandel (ohne Handel mit Kraftfahrzeugen);2006;Juni;98,9;99,2;98,8;99,3;98,8;92;92,3;91,7;92;90,9
WZ08-46;Groﬂhandel (ohne Handel mit Kraftfahrzeugen);2006;Juli;95;98,7;98,9;98,8;99,1;87,9;91,3;91,4;91,2;91,3
WZ08-46;Groﬂhandel (ohne Handel mit Kraftfahrzeugen);2006;August;99,9;97,3;99,2;99,3;99,3;93;90,6;92,1;92,2;91,7
WZ08-46;Groﬂhandel (ohne Handel mit Kraftfahrzeugen);2006;September;103,4;104,8;100,4;100,1;99,5;95,6;96,9;92,7;92,5;92
WZ08-46;Groﬂhandel (ohne Handel mit Kraftfahrzeugen);2006;Oktober;104,6;106,1;100;99,6;99,6;96,6;98;92,4;91,9;92,3
WZ08-46;Groﬂhandel (ohne Handel mit Kraftfahrzeugen);2006;November;107,8;106,4;100,4;100,4;99,7;99,2;97,9;93,1;93;92,4
WZ08-46;Groﬂhandel (ohne Handel mit Kraftfahrzeugen);2006;Dezember;102,8;103,3;104;102,2;99,6;94,7;95,2;96,6;95,1;92,5
WZ08-46;Groﬂhandel (ohne Handel mit Kraftfahrzeugen);2007;Januar;89,6;87,1;96;98,2;99,4;82,6;80,3;89;91,3;92,4
WZ08-46;Groﬂhandel (ohne Handel mit Kraftfahrzeugen);2007;Februar;88,3;89,1;97,6;98,1;99,2;81,7;82,4;90,6;91,4;92,4
WZ08-46;Groﬂhandel (ohne Handel mit Kraftfahrzeugen);2007;M‰rz;104,9;103,6;98,2;100,7;99,1;97,5;96,3;91,1;93,2;92,4
WZ08-46;Groﬂhandel (ohne Handel mit Kraftfahrzeugen);2007;April;95,6;98,3;98,9;99;99,1;89,7;92,2;92,2;92,3;92,6
WZ08-46;Groﬂhandel (ohne Handel mit Kraftfahrzeugen);2007;Mai;99,4;98,7;99,7;99;99,2;93,5;92,8;93;92,4;92,9
WZ08-46;Groﬂhandel (ohne Handel mit Kraftfahrzeugen);2007;Juni;98,8;99,1;98,8;99,6;99,4;92,6;92,9;92,3;92,7;93,3
WZ08-46;Groﬂhandel (ohne Handel mit Kraftfahrzeugen);2007;Juli;98,8;99,2;99,6;99,9;99,7;92,9;93,3;93,5;93;93,8
WZ08-46;Groﬂhandel (ohne Handel mit Kraftfahrzeugen);2007;August;99,6;97,1;99,1;99,5;99,9;93,9;91,5;93,1;93,2;94,4
WZ08-46;Groﬂhandel (ohne Handel mit Kraftfahrzeugen);2007;September;99,7;104,5;100;98,4;100,3;94,4;98,9;94,5;92,8;95,3
WZ08-46;Groﬂhandel (ohne Handel mit Kraftfahrzeugen);2007;Oktober;108,8;106,8;100,6;100,2;100,7;103,7;101,8;96;96,2;96,3
WZ08-46;Groﬂhandel (ohne Handel mit Kraftfahrzeugen);2007;November;107,5;106;100;100,3;101,3;102,9;101,5;96,5;97;97,4
WZ08-46;Groﬂhandel (ohne Handel mit Kraftfahrzeugen);2007;Dezember;97,2;102,2;102,8;100,1;101,8;92,7;97,5;98,9;97,2;98,5
WZ08-46;Groﬂhandel (ohne Handel mit Kraftfahrzeugen);2008;Januar;97,4;94,7;104,4;103,9;102,4;93,9;91,3;101,2;100,9;99,7
WZ08-46;Groﬂhandel (ohne Handel mit Kraftfahrzeugen);2008;Februar;98;95,6;104,7;104,9;103;94,8;92,5;101,6;102,4;100,8
WZ08-46;Groﬂhandel (ohne Handel mit Kraftfahrzeugen);2008;M‰rz;99,7;107,8;102,1;103,8;103,4;97,7;105,6;99,9;101,7;101,5
WZ08-46;Groﬂhandel (ohne Handel mit Kraftfahrzeugen);2008;April;108;101,4;102,3;104;103,7;107;100,5;100,6;102,8;102,1
WZ08-46;Groﬂhandel (ohne Handel mit Kraftfahrzeugen);2008;Mai;100,8;102,4;103,4;104,4;103,8;100,9;102,5;102,7;103,3;102,3
WZ08-46;Groﬂhandel (ohne Handel mit Kraftfahrzeugen);2008;Juni;104;102;101,6;103,2;103,7;104,2;102,2;101,5;102,4;102,1
WZ08-46;Groﬂhandel (ohne Handel mit Kraftfahrzeugen);2008;Juli;104,8;101,8;102,2;103,3;103,4;106,4;103,4;103,6;103,1;101,4
WZ08-46;Groﬂhandel (ohne Handel mit Kraftfahrzeugen);2008;August;98,2;102,2;104,4;103;102,9;98;102;103,8;101,4;100,4
WZ08-46;Groﬂhandel (ohne Handel mit Kraftfahrzeugen);2008;September;112,2;110;105,3;104,3;102,1;110,7;108,5;103,7;102,4;99
WZ08-46;Groﬂhandel (ohne Handel mit Kraftfahrzeugen);2008;Oktober;111,6;109,5;103,1;102,4;101,1;108,6;106,6;100,6;100,9;97,2
WZ08-46;Groﬂhandel (ohne Handel mit Kraftfahrzeugen);2008;November;102,8;105,9;99,9;100,2;99,9;96,5;99,4;94,5;95,2;95,2
WZ08-46;Groﬂhandel (ohne Handel mit Kraftfahrzeugen);2008;Dezember;101,2;101,7;102,4;100;98,8;92;92,5;93,9;93,4;93,2
WZ08-46;Groﬂhandel (ohne Handel mit Kraftfahrzeugen);2009;Januar;85;86,5;95,4;94,1;97,5;76,9;78,3;86,8;86;91,2
WZ08-46;Groﬂhandel (ohne Handel mit Kraftfahrzeugen);2009;Februar;84,7;85,5;93,6;95;96,3;76,9;77,6;85,2;87,6;89,2
WZ08-46;Groﬂhandel (ohne Handel mit Kraftfahrzeugen);2009;M‰rz;98;97,3;92,1;94,3;95,2;88,8;88,2;83,3;85,3;87,4
WZ08-46;Groﬂhandel (ohne Handel mit Kraftfahrzeugen);2009;April;92,2;91,1;92;93,5;94,2;84,2;83,2;83,4;84,8;85,8
WZ08-46;Groﬂhandel (ohne Handel mit Kraftfahrzeugen);2009;Mai;87,5;89,8;90,5;91,4;93,3;79,9;82;82;82,6;84,6
WZ08-46;Groﬂhandel (ohne Handel mit Kraftfahrzeugen);2009;Juni;90,9;91,2;90,9;91,5;92,6;83,1;83,4;82,8;82,5;83,7
WZ08-46;Groﬂhandel (ohne Handel mit Kraftfahrzeugen);2009;Juli;93,9;91,3;91,6;92;92,3;85,5;83,1;83,2;82,7;83,3
WZ08-46;Groﬂhandel (ohne Handel mit Kraftfahrzeugen);2009;August;88;91;92,9;92,2;92,1;80,4;83,1;84,6;83,4;83,3
WZ08-46;Groﬂhandel (ohne Handel mit Kraftfahrzeugen);2009;September;99,2;97,2;93,1;91,3;92,3;90,1;88,3;84,4;82,2;83,7
WZ08-46;Groﬂhandel (ohne Handel mit Kraftfahrzeugen);2009;Oktober;100,8;98,6;92,9;92,3;92,7;91;89;84,1;84,1;84,4
WZ08-46;Groﬂhandel (ohne Handel mit Kraftfahrzeugen);2009;November;99,8;99,5;94;93,9;93,4;89,9;89,6;85,4;85,7;85,4
WZ08-46;Groﬂhandel (ohne Handel mit Kraftfahrzeugen);2009;Dezember;96,3;94,6;95,3;94,3;94,2;86,8;85,3;86,6;86,8;86,5
WZ08-46;Groﬂhandel (ohne Handel mit Kraftfahrzeugen);2010;Januar;81;85,2;93,8;94,5;94,9;74,9;78,8;87,2;87,7;87,7
WZ08-46;Groﬂhandel (ohne Handel mit Kraftfahrzeugen);2010;Februar;85,2;86;94,2;95,5;95,7;78,6;79,3;87,1;88,7;88,9
WZ08-46;Groﬂhandel (ohne Handel mit Kraftfahrzeugen);2010;M‰rz;106,9;101,4;95,8;99,6;96,4;99,7;94,6;89,2;91,3;90
WZ08-46;Groﬂhandel (ohne Handel mit Kraftfahrzeugen);2010;April;96,4;96,6;97,3;97,4;97,1;91,3;91,5;91,5;91,5;91,1
WZ08-46;Groﬂhandel (ohne Handel mit Kraftfahrzeugen);2010;Mai;96,3;98,6;99,6;99,2;97,6;91,7;93,9;94,1;93,4;92,1
WZ08-46;Groﬂhandel (ohne Handel mit Kraftfahrzeugen);2010;Juni;103,9;101;100,4;100;98;98,8;96;95,2;94,9;93,1
WZ08-46;Groﬂhandel (ohne Handel mit Kraftfahrzeugen);2010;Juli;98,2;98,7;98,9;98,5;98,3;93,2;93,7;93,6;93,7;94
WZ08-46;Groﬂhandel (ohne Handel mit Kraftfahrzeugen);2010;August;97;97;99;98,5;98,6;93,2;93,2;94,8;94,5;94,9
WZ08-46;Groﬂhandel (ohne Handel mit Kraftfahrzeugen);2010;September;106,1;104,1;99,6;98,7;98,8;102,5;100,6;96;95,7;95,8
WZ08-46;Groﬂhandel (ohne Handel mit Kraftfahrzeugen);2010;Oktober;103,5;104,6;98,7;98,5;99;99,8;100,9;95,5;96,1;96,6
WZ08-46;Groﬂhandel (ohne Handel mit Kraftfahrzeugen);2010;November;107;105,4;100,1;99;99,1;103,6;102;97,6;97,1;97,3
WZ08-46;Groﬂhandel (ohne Handel mit Kraftfahrzeugen);2010;Dezember;100,5;96,6;97,3;97,9;99,3;98,5;94,7;96,3;97,1;98
WZ08-46;Groﬂhandel (ohne Handel mit Kraftfahrzeugen);2011;Januar;87,1;88,7;97,3;99,3;99,5;86,6;88,2;97,3;98,4;98,7
WZ08-46;Groﬂhandel (ohne Handel mit Kraftfahrzeugen);2011;Februar;91;90,6;99,2;100,3;99,6;91,4;91;99,9;100,1;99,3
WZ08-46;Groﬂhandel (ohne Handel mit Kraftfahrzeugen);2011;M‰rz;108,5;106,1;100;99,9;99,8;110,3;107,9;101,6;100,5;99,9
WZ08-46;Groﬂhandel (ohne Handel mit Kraftfahrzeugen);2011;April;96,7;98,5;99,1;100,4;99,9;98,5;100,3;100,3;101;100,4
WZ08-46;Groﬂhandel (ohne Handel mit Kraftfahrzeugen);2011;Mai;104,7;97,1;98,2;99,3;100;106,7;99;99,3;100,6;100,8
WZ08-46;Groﬂhandel (ohne Handel mit Kraftfahrzeugen);2011;Juni;97,9;101,6;101,1;99,2;100,1;99;102,7;101,9;100,3;101,2
WZ08-46;Groﬂhandel (ohne Handel mit Kraftfahrzeugen);2011;Juli;97,9;101,8;101,9;100,4;100,3;98,9;102,8;102,6;101,8;101,6
WZ08-46;Groﬂhandel (ohne Handel mit Kraftfahrzeugen);2011;August;101,8;99,1;101,2;100,7;100,4;103;100,3;102,1;102;101,8
WZ08-46;Groﬂhandel (ohne Handel mit Kraftfahrzeugen);2011;September;108,4;106,4;101,9;101,3;100,5;109,4;107,4;102,6;102,7;102
WZ08-46;Groﬂhandel (ohne Handel mit Kraftfahrzeugen);2011;Oktober;103,2;108,2;102,3;100,6;100,5;103,8;108,8;103,2;101,8;102,1
WZ08-46;Groﬂhandel (ohne Handel mit Kraftfahrzeugen);2011;November;107,9;106,2;101,2;100,6;100,4;108,8;107,1;102,7;102,3;102,1
WZ08-46;Groﬂhandel (ohne Handel mit Kraftfahrzeugen);2011;Dezember;101;97,1;97,8;100,5;100,3;101,8;97,9;99,5;102,3;102,1
WZ08-46;Groﬂhandel (ohne Handel mit Kraftfahrzeugen);2012;Januar;90,3;88,9;97,5;99,4;100,2;92,1;90,7;100;101,3;102,1
WZ08-46;Groﬂhandel (ohne Handel mit Kraftfahrzeugen);2012;Februar;93,3;91,1;99,7;100,2;100;96;93,7;102,8;102,6;102,2
WZ08-46;Groﬂhandel (ohne Handel mit Kraftfahrzeugen);2012;M‰rz;107;105,7;99,3;100,6;99,9;110,6;109,2;102,5;104,1;102,2
WZ08-46;Groﬂhandel (ohne Handel mit Kraftfahrzeugen);2012;April;94,7;97,5;98,2;98,8;99,7;98,5;101,4;101,5;101,4;102,3
WZ08-46;Groﬂhandel (ohne Handel mit Kraftfahrzeugen);2012;Mai;100,3;99,4;100,4;99,8;99,6;103,9;103;103,3;102,6;102,4
WZ08-46;Groﬂhandel (ohne Handel mit Kraftfahrzeugen);2012;Juni;100,8;101,2;100,6;100,2;99,5;103,3;103,7;102,8;103;102,4
WZ08-46;Groﬂhandel (ohne Handel mit Kraftfahrzeugen);2012;Juli;99,4;100;100,1;99;99,3;101,8;102,4;102,1;101,9;102,4
WZ08-46;Groﬂhandel (ohne Handel mit Kraftfahrzeugen);2012;August;100;97,4;99,5;98,9;99,2;103,5;100,8;102,7;102,4;102,5
WZ08-46;Groﬂhandel (ohne Handel mit Kraftfahrzeugen);2012;September;99,1;103,8;99,6;98,2;99,1;103,1;108;103,4;101,8;102,5
WZ08-46;Groﬂhandel (ohne Handel mit Kraftfahrzeugen);2012;Oktober;107,3;105,4;99,7;99,3;99,1;111,3;109,3;103,8;103,5;102,5
WZ08-46;Groﬂhandel (ohne Handel mit Kraftfahrzeugen);2012;November;105,6;104;99,2;99,2;99;109;107,3;103;103;102,5
WZ08-46;Groﬂhandel (ohne Handel mit Kraftfahrzeugen);2012;Dezember;93;97,9;98,4;99,3;99;95,9;101;102,4;102,6;102,4
WZ08-46;Groﬂhandel (ohne Handel mit Kraftfahrzeugen);2013;Januar;92,1;89,6;98,1;99,5;99;95,2;92,6;101,9;102,9;102,3
WZ08-46;Groﬂhandel (ohne Handel mit Kraftfahrzeugen);2013;Februar;88,1;88,9;97,2;98;98,9;91,4;92,2;101;101,2;102,2
WZ08-46;Groﬂhandel (ohne Handel mit Kraftfahrzeugen);2013;M‰rz;98,7;103,1;96,9;98,3;98,9;102,2;106,8;100,3;101,6;102,1
WZ08-46;Groﬂhandel (ohne Handel mit Kraftfahrzeugen);2013;April;101,1;98,3;99;98,9;99;104,6;101,7;101,8;101,9;102
WZ08-46;Groﬂhandel (ohne Handel mit Kraftfahrzeugen);2013;Mai;97,5;98,9;99,8;99,9;99,1;100,7;102,1;102,4;102,6;102
WZ08-46;Groﬂhandel (ohne Handel mit Kraftfahrzeugen);2013;Juni;98,3;99,7;98,9;98,4;99,1;101;102,4;101,3;101,2;101,9
WZ08-46;Groﬂhandel (ohne Handel mit Kraftfahrzeugen);2013;Juli;102,9;100,2;100,3;99,6;99,3;105,6;102,8;102,5;102,3;101,9
WZ08-46;Groﬂhandel (ohne Handel mit Kraftfahrzeugen);2013;August;98,3;98,9;101,1;100,3;99,4;100,7;101,3;103,4;102,5;101,9
WZ08-46;Groﬂhandel (ohne Handel mit Kraftfahrzeugen);2013;September;102,9;104,4;100,1;99,7;99,5;105,5;107;102,5;101,8;101,8
WZ08-46;Groﬂhandel (ohne Handel mit Kraftfahrzeugen);2013;Oktober;107;105;99,6;99,3;99,6;108,9;106,9;101,7;101,2;101,8
WZ08-46;Groﬂhandel (ohne Handel mit Kraftfahrzeugen);2013;November;102;103,8;99;99,1;99,7;103,6;105,4;101,1;101,1;101,8
WZ08-46;Groﬂhandel (ohne Handel mit Kraftfahrzeugen);2013;Dezember;96,4;99,3;99,7;99,5;99,8;98,1;101;102,3;101,8;101,8
WZ08-46;Groﬂhandel (ohne Handel mit Kraftfahrzeugen);2014;Januar;93,8;92,4;101,2;100,2;99,9;95,2;93,8;103,2;102,3;101,8
WZ08-46;Groﬂhandel (ohne Handel mit Kraftfahrzeugen);2014;Februar;91,1;90,7;99;100,3;99,9;92,6;92,2;100,8;102,2;101,7
WZ08-46;Groﬂhandel (ohne Handel mit Kraftfahrzeugen);2014;M‰rz;102,7;107,3;100,7;99,4;100;104,6;109,3;102,5;101,2;101,7
WZ08-46;Groﬂhandel (ohne Handel mit Kraftfahrzeugen);2014;April;101,7;100,2;101;101,1;100;103,9;102,4;102,6;102,7;101,6
WZ08-46;Groﬂhandel (ohne Handel mit Kraftfahrzeugen);2014;Mai;98;97,1;98;99,2;100,1;99,7;98,8;99,1;100,6;101,6
WZ08-46;Groﬂhandel (ohne Handel mit Kraftfahrzeugen);2014;Juni;97,6;101,2;100,3;100,4;100,2;99,1;102,8;101,6;101,4;101,5
WZ08-46;Groﬂhandel (ohne Handel mit Kraftfahrzeugen);2014;Juli;103,5;100,7;100,8;100,2;100,4;105,3;102,5;102,2;101,3;101,5
WZ08-46;Groﬂhandel (ohne Handel mit Kraftfahrzeugen);2014;August;94,1;97,8;100,3;99,9;100,5;95,6;99,4;101,7;100,9;101,5
WZ08-46;Groﬂhandel (ohne Handel mit Kraftfahrzeugen);2014;September;106,8;104,8;100,7;101;100,6;108,2;106,2;101,9;102;101,5
WZ08-46;Groﬂhandel (ohne Handel mit Kraftfahrzeugen);2014;Oktober;108,4;106,4;100,9;101,5;100,7;109,3;107,3;102,1;102,4;101,4
WZ08-46;Groﬂhandel (ohne Handel mit Kraftfahrzeugen);2014;November;101,1;103,9;99,3;100,9;100,7;101,2;104;99,8;101,3;101,3
WZ08-46;Groﬂhandel (ohne Handel mit Kraftfahrzeugen);2014;Dezember;101,2;101,8;102,3;100,6;100,7;100,4;101;102,3;100,6;101,2
WZ08-46;Groﬂhandel (ohne Handel mit Kraftfahrzeugen);2015;Januar;91,4;93;101,9;100,6;100,6;90,4;92;101,2;100,6;101
WZ08-46;Groﬂhandel (ohne Handel mit Kraftfahrzeugen);2015;Februar;92;92,8;101,1;100,4;100,5;91,5;92,3;100,7;100,6;100,8
WZ08-46;Groﬂhandel (ohne Handel mit Kraftfahrzeugen);2015;M‰rz;108,2;106,3;99,9;100,9;100,3;108,5;106,6;100,2;101,5;100,7
WZ08-46;Groﬂhandel (ohne Handel mit Kraftfahrzeugen);2015;April;99,9;99,9;100,7;99,7;100,2;100,6;100,6;100,9;100,2;100,4
WZ08-46;Groﬂhandel (ohne Handel mit Kraftfahrzeugen);2015;Mai;93,1;98,5;99,3;99,4;100;94,3;99,8;100;99,8;100,2
WZ08-46;Groﬂhandel (ohne Handel mit Kraftfahrzeugen);2015;Juni;102,7;99,7;98,7;100;99,9;103,8;100,8;99,5;100,5;100
WZ08-46;Groﬂhandel (ohne Handel mit Kraftfahrzeugen);2015;Juli;103,1;100,3;100,3;100,5;99,8;104,4;101,6;101,2;100,9;99,7
WZ08-46;Groﬂhandel (ohne Handel mit Kraftfahrzeugen);2015;August;93,2;96,3;98,8;99,4;99,7;93,5;96,6;99;99,3;99,5
WZ08-46;Groﬂhandel (ohne Handel mit Kraftfahrzeugen);2015;September;104,8;102,8;99;99,6;99,7;104,5;102,5;98,6;99,2;99,2
WZ08-46;Groﬂhandel (ohne Handel mit Kraftfahrzeugen);2015;Oktober;104,5;102,3;97,1;98,8;99,6;103,7;101,5;96,6;98,2;99
WZ08-46;Groﬂhandel (ohne Handel mit Kraftfahrzeugen);2015;November;102,6;102;97,7;99,5;99,7;101,7;101,1;97,1;98,9;98,8
WZ08-46;Groﬂhandel (ohne Handel mit Kraftfahrzeugen);2015;Dezember;104,6;102,9;103,5;100,8;99,7;102,9;101,2;102,6;99,7;98,5
WZ08-46;Groﬂhandel (ohne Handel mit Kraftfahrzeugen);2016;Januar;87,3;91,9;100,3;99,8;99,7;85,4;89,9;98,5;98,2;98,3
WZ08-46;Groﬂhandel (ohne Handel mit Kraftfahrzeugen);2016;Februar;94,4;92,1;100,3;99,6;99,7;91,9;89,7;97,8;97,6;98,1
WZ08-46;Groﬂhandel (ohne Handel mit Kraftfahrzeugen);2016;M‰rz;105,1;106,3;99,9;99,8;99,7;102,5;103,7;97,5;97,7;98
WZ08-46;Groﬂhandel (ohne Handel mit Kraftfahrzeugen);2016;April;102;99,1;99,8;99,8;99,7;99,5;96,7;96,9;97,6;97,9
WZ08-46;Groﬂhandel (ohne Handel mit Kraftfahrzeugen);2016;Mai;98,3;99,7;100,3;100,2;99,7;96,9;98,3;98,4;98,3;98,1
WZ08-46;Groﬂhandel (ohne Handel mit Kraftfahrzeugen);2016;Juni;105;99,7;98,5;99,3;99,8;104,1;98,8;97,4;98;98,3
WZ08-46;Groﬂhandel (ohne Handel mit Kraftfahrzeugen);2016;Juli;95,4;99,1;99;99;99,9;94,8;98,5;98;97,7;98,7
WZ08-46;Groﬂhandel (ohne Handel mit Kraftfahrzeugen);2016;August;99,8;97,2;99,8;100,3;100,2;98,5;95,9;98,4;99,2;99,2
WZ08-46;Groﬂhandel (ohne Handel mit Kraftfahrzeugen);2016;September;104,8;102,9;99,1;100,2;100,5;103,9;102;98,2;99,4;99,9
WZ08-46;Groﬂhandel (ohne Handel mit Kraftfahrzeugen);2016;Oktober;101,1;106;100,8;101,1;100,9;100,5;105,4;100,5;100,6;100,6
WZ08-46;Groﬂhandel (ohne Handel mit Kraftfahrzeugen);2016;November;107,6;105,9;101,5;101,3;101,3;106,9;105,2;101,1;100,8;101,4
WZ08-46;Groﬂhandel (ohne Handel mit Kraftfahrzeugen);2016;Dezember;103,9;99,9;100,7;100,8;101,8;104,5;100,5;102;101,7;102,2
WZ08-46;Groﬂhandel (ohne Handel mit Kraftfahrzeugen);2017;Januar;94;92,6;100,9;101,6;102,3;95,5;94,1;102,9;102,9;103,1
WZ08-46;Groﬂhandel (ohne Handel mit Kraftfahrzeugen);2017;Februar;95,9;96,7;105,1;103,6;103;97,9;98,7;107,5;105,5;103,9
WZ08-46;Groﬂhandel (ohne Handel mit Kraftfahrzeugen);2017;M‰rz;115,4;111,4;104,7;105,2;103,6;117,5;113,4;106,7;108,4;104,8
WZ08-46;Groﬂhandel (ohne Handel mit Kraftfahrzeugen);2017;April;98,1;103,3;103,9;104,1;104,1;100,3;105,6;105,8;106;105,5
WZ08-46;Groﬂhandel (ohne Handel mit Kraftfahrzeugen);2017;Mai;109,2;104,8;105,4;104,9;104,6;110,9;106,4;106,5;106,6;106,2
WZ08-46;Groﬂhandel (ohne Handel mit Kraftfahrzeugen);2017;Juni;106,8;107,2;105,9;105,8;105;108,6;109;107,4;107,1;106,8
WZ08-46;Groﬂhandel (ohne Handel mit Kraftfahrzeugen);2017;Juli;101,8;105,8;105,5;105,6;105,4;103,4;107,5;106,8;107,1;107,3
WZ08-46;Groﬂhandel (ohne Handel mit Kraftfahrzeugen);2017;August;105,5;102,8;105,6;106,1;105,7;107,4;104,6;107,4;108;107,7
WZ08-46;Groﬂhandel (ohne Handel mit Kraftfahrzeugen);2017;September;107,7;109,2;105,4;106,1;105,9;110,1;111,6;107,7;108,4;108,1
WZ08-46;Groﬂhandel (ohne Handel mit Kraftfahrzeugen);2017;Oktober;105,8;110,6;105,3;105,5;106;108,1;113;107,8;107,5;108,4
WZ08-46;Groﬂhandel (ohne Handel mit Kraftfahrzeugen);2017;November;113,3;111,6;106,9;106,4;106,1;116,5;114,7;110,1;109,3;108,7
WZ08-46;Groﬂhandel (ohne Handel mit Kraftfahrzeugen);2017;Dezember;104,1;104,8;105,9;107;106,1;106,5;107,2;109;109,8;109
WZ08-46;Groﬂhandel (ohne Handel mit Kraftfahrzeugen);2018;Januar;99,5;96,8;105,3;106;106,1;102,7;99,9;109;109,3;109,3
WZ08-46;Groﬂhandel (ohne Handel mit Kraftfahrzeugen);2018;Februar;97,2;98,1;106,2;105,1;106,1;100,1;101;109,7;108,3;109,6
WZ08-46;Groﬂhandel (ohne Handel mit Kraftfahrzeugen);2018;M‰rz;110,1;111,4;104,6;106,2;106,1;113,3;114,6;107,8;109,9;109,9
WZ08-46;Groﬂhandel (ohne Handel mit Kraftfahrzeugen);2018;April;105;105,5;106,1;105,4;106,2;108,5;109;109,2;109;110,3
WZ08-46;Groﬂhandel (ohne Handel mit Kraftfahrzeugen);2018;Mai;105,5;107;107,8;107;106,3;110,1;111,7;111,9;111;110,8
WZ08-46;Groﬂhandel (ohne Handel mit Kraftfahrzeugen);2018;Juni;109,8;107,7;106,3;106,4;106,4;115,2;113;111,2;111,6;111,2
WZ08-46;Groﬂhandel (ohne Handel mit Kraftfahrzeugen);2018;Juli;105,7;106,3;106;106,2;106,6;111,1;111,7;111;111,3;111,5
WZ08-46;Groﬂhandel (ohne Handel mit Kraftfahrzeugen);2018;August;105,3;102,5;105,6;106,5;106,7;110,9;108;111,1;112;111,9
WZ08-46;Groﬂhandel (ohne Handel mit Kraftfahrzeugen);2018;September;105,4;110,4;106,7;106,5;106,9;111,2;116,5;112,5;112;112,2
WZ08-46;Groﬂhandel (ohne Handel mit Kraftfahrzeugen);2018;Oktober;113,8;112,1;106,7;107,6;107,1;120,4;118,6;113,2;113,8;112,6
WZ08-46;Groﬂhandel (ohne Handel mit Kraftfahrzeugen);2018;November;114,2;112,4;107,6;107,4;107,2;120,7;118,8;113,9;113,4;112,8
WZ08-46;Groﬂhandel (ohne Handel mit Kraftfahrzeugen);2018;Dezember;100,5;105,8;107,1;106,8;107,4;105;110,5;112,6;112,1;112,9
WZ08-46;Groﬂhandel (ohne Handel mit Kraftfahrzeugen);2019;Januar;103,3;100,4;109,3;108,5;107,5;107,5;104,5;114,1;113,4;113
WZ08-46;Groﬂhandel (ohne Handel mit Kraftfahrzeugen);2019;Februar;101,1;100,6;108,8;108,6;107,6;105,6;105,1;114;113,9;113,1
WZ08-46;Groﬂhandel (ohne Handel mit Kraftfahrzeugen);2019;M‰rz;110,3;115,2;108,2;106,8;107,6;115,5;120,6;113,5;112,3;112,9
WZ08-46;Groﬂhandel (ohne Handel mit Kraftfahrzeugen);2019;April;109,2;107,7;108,3;109;107,7;115,1;113,5;113,7;114,8;112,9
WZ08-46;Groﬂhandel (ohne Handel mit Kraftfahrzeugen);2019;Mai;109,3;104,9;105,6;106,4;107,9;115,5;110,8;111;112,2;112,8
WZ08-46;Groﬂhandel (ohne Handel mit Kraftfahrzeugen);2019;Juni;102,8;110,2;108,7;107,6;108;107,9;115,7;113,7;111,9;112,8
WZ08-46;Groﬂhandel (ohne Handel mit Kraftfahrzeugen);2019;Juli;111,8;108,8;108,6;109,2;108,2;117,2;114,1;113,4;114,2;112,8
WZ08-46;Groﬂhandel (ohne Handel mit Kraftfahrzeugen);2019;August;104;104,7;107,8;108,2;108,4;108,4;109,1;112,3;112,3;112,8
WZ08-46;Groﬂhandel (ohne Handel mit Kraftfahrzeugen);2019;September;110,5;112;108,3;109;108,6;114,5;116,1;112,2;113;112,8
WZ08-46;Groﬂhandel (ohne Handel mit Kraftfahrzeugen);2019;Oktober;115,7;114;108,6;109,2;109;119,7;117,9;112,6;112,7;113
WZ08-46;Groﬂhandel (ohne Handel mit Kraftfahrzeugen);2019;November;112,8;114,7;109,7;108,9;109,5;116,4;118,4;113,3;112,1;113,5
WZ08-46;Groﬂhandel (ohne Handel mit Kraftfahrzeugen);2019;Dezember;105,3;108,4;109,8;109,6;110;108,3;111,5;113,6;113,7;114
WZ08-46;Groﬂhandel (ohne Handel mit Kraftfahrzeugen);2020;Januar;105,2;103,7;112,9;110,3;110,5;109,4;107,8;117,7;115,1;114,6
WZ08-46;Groﬂhandel (ohne Handel mit Kraftfahrzeugen);2020;Februar;104;104,9;113,3;111,1;111,1;107,5;108,4;117,4;115,3;115,1
WZ08-46;Groﬂhandel (ohne Handel mit Kraftfahrzeugen);2020;M‰rz;119,4;118,6;111,4;113;111,5;123;122,2;115;117;115,6
WZ08-46;Groﬂhandel (ohne Handel mit Kraftfahrzeugen);2020;April;...;...;...;...;...;...;...;...;...;...
WZ08-46;Groﬂhandel (ohne Handel mit Kraftfahrzeugen);2020;Mai;...;...;...;...;...;...;...;...;...;...
WZ08-46;Groﬂhandel (ohne Handel mit Kraftfahrzeugen);2020;Juni;...;...;...;...;...;...;...;...;...;...
WZ08-46;Groﬂhandel (ohne Handel mit Kraftfahrzeugen);2020;Juli;...;...;...;...;...;...;...;...;...;...
WZ08-46;Groﬂhandel (ohne Handel mit Kraftfahrzeugen);2020;August;...;...;...;...;...;...;...;...;...;...
WZ08-46;Groﬂhandel (ohne Handel mit Kraftfahrzeugen);2020;September;...;...;...;...;...;...;...;...;...;...
WZ08-46;Groﬂhandel (ohne Handel mit Kraftfahrzeugen);2020;Oktober;...;...;...;...;...;...;...;...;...;...
WZ08-46;Groﬂhandel (ohne Handel mit Kraftfahrzeugen);2020;November;...;...;...;...;...;...;...;...;...;...
WZ08-46;Groﬂhandel (ohne Handel mit Kraftfahrzeugen);2020;Dezember;...;...;...;...;...;...;...;...;...;...
__________;;;;;;;;;;;;;
© Statistisches Bundesamt (Destatis), 2020;;;;;;;;;;;;;
Stand: 19.06.2020 / 11:54:08;;;;;;;;;;;;;
